{"commitInfo":{"timestamp":1692505514605,"userId":"2509012505803332","userName":"geandreson.costa@itec.ufpa.br","operation":"WRITE","operationParameters":{"mode":"Overwrite","partitionBy":"[]"},"notebook":{"notebookId":"3679802510744781"},"clusterId":"0817-222312-2rg6m3jj","isolationLevel":"WriteSerializable","isBlindAppend":false,"operationMetrics":{"numFiles":"1","numOutputRows":"2","numOutputBytes":"1237"},"engineInfo":"Databricks-Runtime/12.2.x-scala2.12","txnId":"754f56cf-32c5-4676-ad0c-78497110cefb"}}
{"protocol":{"minReaderVersion":1,"minWriterVersion":2}}
{"metaData":{"id":"98c14dae-7be2-4cfe-a32b-72125f08f0d8","format":{"provider":"parquet","options":{}},"schemaString":"{\"type\":\"struct\",\"fields\":[{\"name\":\"first_name\",\"type\":\"string\",\"nullable\":true,\"metadata\":{\"scale\":0}},{\"name\":\"last_name\",\"type\":\"string\",\"nullable\":true,\"metadata\":{\"scale\":0}},{\"name\":\"e-mail\",\"type\":\"string\",\"nullable\":true,\"metadata\":{}}]}","partitionColumns":[],"configuration":{},"createdTime":1692505510757}}
{"add":{"path":"part-00000-49d5c9e5-d8a7-401a-85ca-6fb7691e6c15-c000.snappy.parquet","partitionValues":{},"size":1237,"modificationTime":1692505515000,"dataChange":true,"stats":"{\"numRecords\":2,\"minValues\":{\"first_name\":\"Mami\",\"last_name\":\"Kato\",\"e-mail\":\"m****i@classicmodelcars.com\"},\"maxValues\":{\"first_name\":\"Yoshimi\",\"last_name\":\"Nishi\",\"e-mail\":\"y***o@classicmodelcars.com\"},\"nullCount\":{\"first_name\":0,\"last_name\":0,\"e-mail\":0}}","tags":{"INSERTION_TIME":"1692505515000000","MIN_INSERTION_TIME":"1692505515000000","MAX_INSERTION_TIME":"1692505515000000","OPTIMIZE_TARGET_SIZE":"268435456"}}}
