{"commitInfo":{"timestamp":1692505004161,"userId":"2509012505803332","userName":"geandreson.costa@itec.ufpa.br","operation":"WRITE","operationParameters":{"mode":"Overwrite","partitionBy":"[]"},"notebook":{"notebookId":"3679802510744781"},"clusterId":"0817-222312-2rg6m3jj","isolationLevel":"WriteSerializable","isBlindAppend":false,"operationMetrics":{"numFiles":"1","numOutputRows":"7","numOutputBytes":"1071"},"engineInfo":"Databricks-Runtime/12.2.x-scala2.12","txnId":"3a1fd673-6d83-44fa-a327-316793109eae"}}
{"protocol":{"minReaderVersion":1,"minWriterVersion":2}}
{"metaData":{"id":"9d094700-703d-446b-83cc-e0df5f389b5d","format":{"provider":"parquet","options":{}},"schemaString":"{\"type\":\"struct\",\"fields\":[{\"name\":\"product_line\",\"type\":\"string\",\"nullable\":true,\"metadata\":{\"scale\":0}},{\"name\":\"revenue\",\"type\":\"decimal(31,2)\",\"nullable\":true,\"metadata\":{}}]}","partitionColumns":[],"configuration":{},"createdTime":1692504999315}}
{"add":{"path":"part-00000-d7c6da89-2c63-4173-97f0-b653070a5306-c000.snappy.parquet","partitionValues":{},"size":1071,"modificationTime":1692505004000,"dataChange":true,"stats":"{\"numRecords\":7,\"minValues\":{\"product_line\":\"Classic Cars\",\"revenue\":22311.26},\"maxValues\":{\"product_line\":\"Vintage Cars\",\"revenue\":603666.99},\"nullCount\":{\"product_line\":0,\"revenue\":0}}","tags":{"INSERTION_TIME":"1692505004000000","MIN_INSERTION_TIME":"1692505004000000","MAX_INSERTION_TIME":"1692505004000000","OPTIMIZE_TARGET_SIZE":"268435456"}}}
