{"commitInfo":{"timestamp":1692504573402,"userId":"2509012505803332","userName":"geandreson.costa@itec.ufpa.br","operation":"WRITE","operationParameters":{"mode":"Overwrite","partitionBy":"[]"},"notebook":{"notebookId":"3679802510744781"},"clusterId":"0817-222312-2rg6m3jj","isolationLevel":"WriteSerializable","isBlindAppend":false,"operationMetrics":{"numFiles":"1","numOutputRows":"5","numOutputBytes":"948"},"engineInfo":"Databricks-Runtime/12.2.x-scala2.12","txnId":"1d6dc371-6a15-46a8-b747-3b16fa503657"}}
{"protocol":{"minReaderVersion":1,"minWriterVersion":2}}
{"metaData":{"id":"649d7000-4e68-4494-9b72-e6b6dc95b7f5","format":{"provider":"parquet","options":{}},"schemaString":"{\"type\":\"struct\",\"fields\":[{\"name\":\"country\",\"type\":\"string\",\"nullable\":true,\"metadata\":{\"scale\":0}},{\"name\":\"count\",\"type\":\"long\",\"nullable\":true,\"metadata\":{}}]}","partitionColumns":[],"configuration":{},"createdTime":1692504567102}}
{"add":{"path":"part-00000-11f5fc28-312c-4c03-91f7-96c824fad4c2-c000.snappy.parquet","partitionValues":{},"size":948,"modificationTime":1692504572000,"dataChange":true,"stats":"{\"numRecords\":5,\"minValues\":{\"country\":\"New Zealand\",\"count\":1},\"maxValues\":{\"country\":\"USA\",\"count\":2},\"nullCount\":{\"country\":0,\"count\":0}}","tags":{"INSERTION_TIME":"1692504572000000","MIN_INSERTION_TIME":"1692504572000000","MAX_INSERTION_TIME":"1692504572000000","OPTIMIZE_TARGET_SIZE":"268435456"}}}
